BegBates,EndBates,BegAttach,EndAttach,Custodian,DuplicateCustodian,From,To,CC,BCC,Subject,DateSent,FileName,FileType,FileExtension,ESIType,FileName,DeDuplicatedPath,DateCreated,DateLastModified,Title,author,Confidentiality,Hash,nativelink,FullText,EndAttach_Left,column_history
THREAD001_001,THREAD001_001,,,John.Smith,,"john.smith@company.com","mary.jones@company.com,bob.wilson@company.com",,,"Project Alpha - Initial Requirements","2024-01-15T09:00:00Z","email_001.eml","email","eml","email","email_001.eml","/data/emails/001","2024-01-15T09:00:00Z","2024-01-15T09:00:00Z","Project Alpha - Initial Requirements","john.smith@company.com","Internal","abc123hash001","link001","Hi team, I wanted to discuss the initial requirements for Project Alpha. We need to establish the core functionality and timeline. Please review the attached specifications and let me know your thoughts. Best regards, John",,MSG-ID:<001@company.com>|REFS:<>|THREAD:ALPHA-2024-001
THREAD001_002,THREAD001_002,,,Mary.Jones,,"mary.jones@company.com","john.smith@company.com","bob.wilson@company.com,alice.brown@company.com",,"Re: Project Alpha - Initial Requirements","2024-01-15T14:30:00Z","email_002.eml","email","eml","email","email_002.eml","/data/emails/002","2024-01-15T14:30:00Z","2024-01-15T14:30:00Z","Re: Project Alpha - Initial Requirements","mary.jones@company.com","Internal","def456hash002","link002","John, Thanks for sharing the requirements. I have a few questions about the user authentication module. Can we schedule a call to discuss? I'm also adding Alice to this thread as she'll be handling the frontend development. Mary",,MSG-ID:<002@company.com>|REFS:<001@company.com>|THREAD:ALPHA-2024-001|IN-REPLY-TO:<001@company.com>
THREAD001_003,THREAD001_003,,,Bob.Wilson,,"bob.wilson@company.com","john.smith@company.com","mary.jones@company.com,alice.brown@company.com",,"Re: Project Alpha - Initial Requirements","2024-01-15T16:45:00Z","email_003.eml","email","eml","email","email_003.eml","/data/emails/003","2024-01-15T16:45:00Z","2024-01-15T16:45:00Z","Re: Project Alpha - Initial Requirements","bob.wilson@company.com","Internal","ghi789hash003","link003","I agree with Mary's concerns about authentication. Additionally, we should consider the database architecture early on. I'm attaching a preliminary schema design for review. Bob",,MSG-ID:<003@company.com>|REFS:<001@company.com>|THREAD:ALPHA-2024-001|IN-REPLY-TO:<001@company.com>
THREAD001_004,THREAD001_004,,,Alice.Brown,,"alice.brown@company.com","mary.jones@company.com","john.smith@company.com,bob.wilson@company.com",,"Re: Project Alpha - Initial Requirements","2024-01-16T08:15:00Z","email_004.eml","email","eml","email","email_004.eml","/data/emails/004","2024-01-16T08:15:00Z","2024-01-16T08:15:00Z","Re: Project Alpha - Initial Requirements","alice.brown@company.com","Internal","jkl012hash004","link004","Mary, I'm excited to join the project! I've reviewed the requirements and have some UI/UX suggestions. Should we set up a design review meeting? I can prepare some mockups by Thursday. Alice",,MSG-ID:<004@company.com>|REFS:<001@company.com 002@company.com>|THREAD:ALPHA-2024-001|IN-REPLY-TO:<002@company.com>
THREAD001_005,THREAD001_005,,,Mary.Jones,,"mary.jones@company.com","alice.brown@company.com,david.clark@company.com","john.smith@company.com,bob.wilson@company.com",,"Fwd: Project Alpha - Initial Requirements","2024-01-16T10:30:00Z","email_005.eml","email","eml","email","email_005.eml","/data/emails/005","2024-01-16T10:30:00Z","2024-01-16T10:30:00Z","Fwd: Project Alpha - Initial Requirements","mary.jones@company.com","Internal","mno345hash005","link005","David, I'm forwarding this thread about Project Alpha. Since you'll be the project manager, please review the discussion so far. Alice is preparing UI mockups for Thursday. Can you join our design review? Mary",,MSG-ID:<005@company.com>|REFS:<001@company.com 002@company.com>|THREAD:ALPHA-2024-001|IN-REPLY-TO:<002@company.com>|FWD:true
THREAD001_006,THREAD001_006,,,Bob.Wilson,,"bob.wilson@company.com","david.clark@company.com,mary.jones@company.com","john.smith@company.com,alice.brown@company.com",,"Re: Project Alpha - Initial Requirements","2024-01-16T13:20:00Z","email_006.eml","email","eml","email","email_006.eml","/data/emails/006","2024-01-16T13:20:00Z","2024-01-16T13:20:00Z","Re: Project Alpha - Initial Requirements","bob.wilson@company.com","Internal","pqr678hash006","link006","I think we should also involve the security team early in the process. The authentication module will need thorough security review. Should I reach out to the InfoSec team? Bob",,MSG-ID:<006@company.com>|REFS:<001@company.com 003@company.com>|THREAD:ALPHA-2024-001|IN-REPLY-TO:<003@company.com>
THREAD001_007,THREAD001_007,,,David.Clark,,"david.clark@company.com","mary.jones@company.com","alice.brown@company.com,john.smith@company.com,bob.wilson@company.com",,"Re: Fwd: Project Alpha - Initial Requirements","2024-01-16T15:45:00Z","email_007.eml","email","eml","email","email_007.eml","/data/emails/007","2024-01-16T15:45:00Z","2024-01-16T15:45:00Z","Re: Fwd: Project Alpha - Initial Requirements","david.clark@company.com","Internal","stu901hash007","link007","Mary, thanks for bringing me into this. I've reviewed the requirements and Bob's database schema. Let's schedule a kickoff meeting for Monday. Alice, I'd love to see those mockups on Thursday. I'll send out calendar invites. David",,MSG-ID:<007@company.com>|REFS:<001@company.com 002@company.com 005@company.com>|THREAD:ALPHA-2024-001|IN-REPLY-TO:<005@company.com>
THREAD001_008,THREAD001_008,,,John.Smith,,"john.smith@company.com","security@company.com","bob.wilson@company.com,david.clark@company.com",,"Fwd: Project Alpha - Security Review Needed","2024-01-17T09:00:00Z","email_008.eml","email","eml","email","email_008.eml","/data/emails/008","2024-01-17T09:00:00Z","2024-01-17T09:00:00Z","Fwd: Project Alpha - Security Review Needed","john.smith@company.com","Internal","vwx234hash008","link008","Security Team, Bob raised an excellent point about early security involvement in Project Alpha. I'm forwarding the relevant discussion. Could someone from your team join our Monday kickoff? We're particularly concerned about the authentication module. John",,MSG-ID:<008@company.com>|REFS:<001@company.com 003@company.com 006@company.com>|THREAD:ALPHA-2024-001|IN-REPLY-TO:<006@company.com>|FWD:true
THREAD001_009,THREAD001_009,,,Alice.Brown,,"alice.brown@company.com","david.clark@company.com,mary.jones@company.com","john.smith@company.com,bob.wilson@company.com",,"Re: Fwd: Project Alpha - Initial Requirements - Mockups Ready","2024-01-18T11:30:00Z","email_009.eml","email","eml","email","email_009.eml","/data/emails/009","2024-01-18T11:30:00Z","2024-01-18T11:30:00Z","Re: Fwd: Project Alpha - Initial Requirements - Mockups Ready","alice.brown@company.com","Internal","yza567hash009","link009","David, I've completed the initial mockups as promised. I'm attaching the design files for the main dashboard and user authentication screens. The designs incorporate modern UX principles and accessibility standards. Looking forward to Thursday's review! Alice",,MSG-ID:<009@company.com>|REFS:<001@company.com 002@company.com 005@company.com 007@company.com>|THREAD:ALPHA-2024-001|IN-REPLY-TO:<007@company.com>
THREAD001_010,THREAD001_010,,,Security.Team,,"sarah.white@company.com","john.smith@company.com","bob.wilson@company.com,david.clark@company.com,mary.jones@company.com",,"Re: Fwd: Project Alpha - Security Review Needed","2024-01-18T14:15:00Z","email_010.eml","email","eml","email","email_010.eml","/data/emails/010","2024-01-18T14:15:00Z","2024-01-18T14:15:00Z","Re: Fwd: Project Alpha - Security Review Needed","sarah.white@company.com","Internal","bcd890hash010","link010","John, I'll be representing the security team for Project Alpha. I've reviewed the authentication requirements and have some recommendations. I'll attend Monday's kickoff meeting. Please ensure we discuss data encryption, session management, and compliance requirements. Sarah White, InfoSec",,MSG-ID:<010@company.com>|REFS:<001@company.com 003@company.com 006@company.com 008@company.com>|THREAD:ALPHA-2024-001|IN-REPLY-TO:<008@company.com>
THREAD001_011,THREAD001_011,,,Bob.Wilson,,"bob.wilson@company.com","external.vendor@partner.com","david.clark@company.com,mary.jones@company.com",,"Fwd: Project Alpha Database Architecture","2024-01-19T10:00:00Z","email_011.eml","email","eml","email","email_011.eml","/data/emails/011","2024-01-19T10:00:00Z","2024-01-19T10:00:00Z","Fwd: Project Alpha Database Architecture","bob.wilson@company.com","Confidential","efg123hash011","link011","Hi External Team, I'm forwarding our internal discussion about Project Alpha's database architecture. We may need your cloud infrastructure expertise. Can someone from your team review our schema and provide feedback on scalability? We're planning for 100K+ users. Bob",,MSG-ID:<011@company.com>|REFS:<001@company.com 003@company.com>|THREAD:ALPHA-2024-001|IN-REPLY-TO:<003@company.com>|FWD:true|EXTERNAL:true
THREAD001_012,THREAD001_012,,,Mary.Jones,,"mary.jones@company.com","john.smith@company.com","alice.brown@company.com,david.clark@company.com,bob.wilson@company.com,sarah.white@company.com",,"Re: Project Alpha - Additional Thoughts","2024-01-19T16:30:00Z","email_012.eml","email","eml","email","email_012.eml","/data/emails/012","2024-01-19T16:30:00Z","2024-01-19T16:30:00Z","Re: Project Alpha - Additional Thoughts","mary.jones@company.com","Internal","hij456hash012","link012","John, after thinking about this over the weekend, I have some additional ideas about the user onboarding flow. We should consider a progressive disclosure approach. Also, we should discuss API rate limiting with the security team. Can we add these topics to Monday's agenda? Mary",,MSG-ID:<012@company.com>|REFS:<001@company.com>|THREAD:ALPHA-2024-001|IN-REPLY-TO:<001@company.com>
THREAD001_013,THREAD001_013,,,External.Vendor,,"tom.smith@partner.com","bob.wilson@company.com","cloud-team@partner.com",,"Re: Fwd: Project Alpha Database Architecture","2024-01-20T08:45:00Z","email_013.eml","email","eml","email","email_013.eml","/data/emails/013","2024-01-20T08:45:00Z","2024-01-20T08:45:00Z","Re: Fwd: Project Alpha Database Architecture","tom.smith@partner.com","Confidential","klm789hash013","link013","Bob, thanks for sharing the architecture details. Our cloud team has reviewed your schema and we have some recommendations for optimization. We suggest implementing database sharding for the user table and using Redis for session caching. I'll send detailed recommendations separately. Tom Smith, Partner Solutions",,MSG-ID:<013@company.com>|REFS:<001@company.com 003@company.com 011@company.com>|THREAD:ALPHA-2024-001|IN-REPLY-TO:<011@company.com>|EXTERNAL:true